month,commit_jobs,recipe_runs,unique_users,unique_recipes,repos_with_commits,successful_commits,estimated_hours_saved
2025-04-01,62,98,9,38,48,58,210.4
2025-05-01,85,142,11,48,67,79,305.8
2025-06-01,108,178,13,56,82,101,420.2
2025-07-01,145,231,16,65,112,137,540.6
2025-08-01,132,205,15,61,98,124,480.3
2025-09-01,168,267,18,72,128,159,610.5
2025-10-01,198,312,21,82,152,189,720.1
2025-11-01,182,289,20,76,141,174,680.4
2025-12-01,224,356,24,91,175,214,840.7
2026-01-01,189,342,18,78,156,182,640.5
2026-02-01,231,415,23,89,198,224,820.3
2026-03-01,214,389,21,84,175,207,710.8
