month,recipe_runs,commits,unique_users,unique_recipes,files_changed,estimated_hours_saved
2025-04-01,98,58,9,28,6200,210.4
2025-05-01,142,79,11,34,8400,305.8
2025-06-01,178,101,13,38,10200,420.2
2025-07-01,231,137,16,44,13800,540.6
2025-08-01,205,124,15,41,12100,480.3
2025-09-01,267,159,18,48,15600,610.5
2025-10-01,312,189,21,53,18200,720.1
2025-11-01,289,174,20,50,16800,680.4
2025-12-01,356,214,24,58,21400,840.7
2026-01-01,342,182,18,47,18200,640.5
2026-02-01,415,224,23,52,22400,820.3
2026-03-01,389,207,21,49,19800,710.8
